1: Atukwase I Gilbert  OLD EMAIL: sejjtechnologies@gmail.com -> NEW EMAIL: atukwase@gmail.com
2: Byaruhanga  H Benedict  OLD EMAIL: student1@gmail.com -> NEW EMAIL: byaruhanga@gmail.com
3: Kato V Brian OLD EMAIL: kato@gmail.com -> NEW EMAIL: kato@gmail.com
4: Aryatujuna Katala Franklin  OLD EMAIL: aryatujuna@gmail.com -> NEW EMAIL: aryatujuna@gmail.com
5: Sunday  B David  OLD EMAIL: student2@gmail.com -> NEW EMAIL: sunday@gmail.com
6: Mukasa  X Joseph  OLD EMAIL: student3@gmail.com -> NEW EMAIL: mukasa@gmail.com
7: Ashaba S Godwin  OLD EMAIL: student4@gmail.com -> NEW EMAIL: ashabagodwin@gmail.com
9: Akansasira M Grace OLD EMAIL: grace@gmail.com -> NEW EMAIL: akansasira@gmail.com
10: Mutebi N Brian  OLD EMAIL: student5@gmail.com -> NEW EMAIL: mutebi@gmail.com
11: Ninsiima R Clare OLD EMAIL: student6@gmail.com -> NEW EMAIL: ninsiima@gmail.com
17: Ataamba  Lonah Maria OLD EMAIL: student7@gmail.com -> NEW EMAIL: ataamba@gmail.com
18: Niwarinda M Peter  OLD EMAIL: student8@gmail.com -> NEW EMAIL: niwarinda@gmail.com
19: Akankunda M Sophea OLD EMAIL: student9@gmail.com -> NEW EMAIL: akankunda@gmail.com
20: Kwarisima A Christian  OLD EMAIL: student10@gmail.com -> NEW EMAIL: kwarisima@gmail.com
22: Amina Nansubuga  Brenda  OLD EMAIL: student11@gmail.com -> NEW EMAIL: aminabrenda@gmail.com
23: Brian  Y Odhiambo OLD EMAIL: student12@gmail.com -> NEW EMAIL: brian@gmail.com
24: Keeza  M Uwase  OLD EMAIL: student13@gmail.com -> NEW EMAIL: keeza@gmail.com
30: Amina N Kato OLD EMAIL: student14@gmail.com -> NEW EMAIL: aminakato@gmail.com
31: Moses J Nyirongo OLD EMAIL: student15@gmail.com -> NEW EMAIL: mosesnyirongo@gmail.com
32: Neema N Mwangi OLD EMAIL: student16@gmail.com -> NEW EMAIL: neemamwangi@gmail.com
33: Hamza H Mutabazi OLD EMAIL: student17@gmail.com -> NEW EMAIL: hamza@gmail.com
34: Asha G Abdallah OLD EMAIL: student18@gmail.com -> NEW EMAIL: ashaabdallah@gmail.com
35: Samuel N Oryem OLD EMAIL: student19@gmail.com -> NEW EMAIL: samueloryem@gmail.com
36: Resty K Amongin OLD EMAIL: student20@gmail.com -> NEW EMAIL: restyamongin@gmail.com
37: Hakim L Mshana OLD EMAIL: student21@gmail.com -> NEW EMAIL: hakimmshana@gmail.com
38: Tracy Z Kabagenyi OLD EMAIL: student22@gmail.com -> NEW EMAIL: tracykabagenyi@gmail.com
39: Didier Y Habimana OLD EMAIL: student23@gmail.com -> NEW EMAIL: didierhabimana@gmail.com
40: Zahra G Kakembo OLD EMAIL: student24@gmail.com -> NEW EMAIL: zahra@gmail.com
41: Isaac A Odongo OLD EMAIL: student25@gmail.com -> NEW EMAIL: isaacodongo@gmail.com
42: Neema O Habimana OLD EMAIL: student26@gmail.com -> NEW EMAIL: neemahabimana@gmail.com
43: Hamid G Mugisha OLD EMAIL: student27@gmail.com -> NEW EMAIL: hamid@gmail.com
44: Asha M Bakari OLD EMAIL: student28@gmail.com -> NEW EMAIL: ashabakari@gmail.com
45: Samuel L Oryem OLD EMAIL: student29@gmail.com -> NEW EMAIL: samueloryem2@gmail.com
46: Resty K Amongin OLD EMAIL: student30@gmail.com -> NEW EMAIL: restyamongin2@gmail.com
47: Hakim G Mshana OLD EMAIL: student31@gmail.com -> NEW EMAIL: hakimmshana2@gmail.com
48: Tracy O Kabagenyi OLD EMAIL: student32@gmail.com -> NEW EMAIL: tracykabagenyi2@gmail.com
49: Didier C Habimana OLD EMAIL: student33@gmail.com -> NEW EMAIL: didierhabimana2@gmail.com
50: Lillian E Nabukenya OLD EMAIL: student34@gmail.com -> NEW EMAIL: lilliannabukenya@gmail.com
51: Brian G Odhiambo OLD EMAIL: student35@gmail.com -> NEW EMAIL: brianodhiambo@gmail.com
52: Keza O Uwase OLD EMAIL: student36@gmail.com -> NEW EMAIL: kezauwase@gmail.com
53: Musa O Mukasa OLD EMAIL: student37@gmail.com -> NEW EMAIL: musamukasa@gmail.com
54: Aisha B Bakari OLD EMAIL: student38@gmail.com -> NEW EMAIL: aishabakari@gmail.com
55: Samuel E Oryem OLD EMAIL: student39@gmail.com -> NEW EMAIL: samueloryem3@gmail.com
56: Resty F Amongin OLD EMAIL: student40@gmail.com -> NEW EMAIL: restyamongin3@gmail.com
57: Hakim T Mshana OLD EMAIL: student41@gmail.com -> NEW EMAIL: hakimmshana3@gmail.com
58: Tracy F Kabagenyi OLD EMAIL: student42@gmail.com -> NEW EMAIL: tracykabagenyi3@gmail.com
59: Didier G Habimana OLD EMAIL: student43@gmail.com -> NEW EMAIL: didierhabimana3@gmail.com
60: Fatuma F Kiboneka OLD EMAIL: student44@gmail.com -> NEW EMAIL: fatuma@gmail.com
61: David N Okello OLD EMAIL: student45@gmail.com -> NEW EMAIL: davidokello@gmail.com
62: Grace K Nkurunziza OLD EMAIL: student46@gmail.com -> NEW EMAIL: gracenkurunziza@gmail.com
63: Ibrahim M Mugume OLD EMAIL: student47@gmail.com -> NEW EMAIL: ibrahim@gmail.com
64: Aisha U Juma OLD EMAIL: student48@gmail.com -> NEW EMAIL: aishajuma@gmail.com
65: Patrick Z Luo OLD EMAIL: student49@gmail.com -> NEW EMAIL: patrickluo@gmail.com
66: Rehema U Nabirye OLD EMAIL: student50@gmail.com -> NEW EMAIL: rehemanabirye@gmail.com
67: Hakim X Moshi OLD EMAIL: student51@gmail.com -> NEW EMAIL: hakimmoshi@gmail.com
68: Tracy U Kaberwa OLD EMAIL: student52@gmail.com -> NEW EMAIL: tracykaberwa@gmail.com
69: Didier E Nzabonimpa OLD EMAIL: student53@gmail.com -> NEW EMAIL: didiernzabonimpa@gmail.com
70: Lillian N Nabukenya OLD EMAIL: student54@gmail.com -> NEW EMAIL: lilliannabukenya2@gmail.com
71: Brian D Odhiambo OLD EMAIL: student55@gmail.com -> NEW EMAIL: brianodhiambo2@gmail.com
72: Keza L Uwimana OLD EMAIL: student56@gmail.com -> NEW EMAIL: kezauwimana@gmail.com
73: Musa B Mukasa OLD EMAIL: student57@gmail.com -> NEW EMAIL: musamukasa2@gmail.com
74: Aisha P Bakari OLD EMAIL: student58@gmail.com -> NEW EMAIL: aishabakari2@gmail.com
75: Samuel Z Oryem OLD EMAIL: student59@gmail.com -> NEW EMAIL: samueloryem4@gmail.com
76: Resty N Amongin OLD EMAIL: student60@gmail.com -> NEW EMAIL: restyamongin4@gmail.com
77: Hakim W Mshana OLD EMAIL: student61@gmail.com -> NEW EMAIL: hakimmshana4@gmail.com
78: Tracy D Kabagenyi OLD EMAIL: student62@gmail.com -> NEW EMAIL: tracykabagenyi4@gmail.com
79: Didier P Habimana OLD EMAIL: student63@gmail.com -> NEW EMAIL: didierhabimana4@gmail.com
81: Amirah A Kato OLD EMAIL: student64@gmail.com -> NEW EMAIL: amirah@gmail.com
82: Benard M Okori OLD EMAIL: student65@gmail.com -> NEW EMAIL: benard@gmail.com
83: Chantal N Habimana OLD EMAIL: student66@gmail.com -> NEW EMAIL: chantalhabimana@gmail.com
84: Daniel K Mugisha OLD EMAIL: student67@gmail.com -> NEW EMAIL: danielmugisha@gmail.com
85: Ester J Bakari OLD EMAIL: student68@gmail.com -> NEW EMAIL: esterbakari@gmail.com
86: Francis O Ochieng OLD EMAIL: student69@gmail.com -> NEW EMAIL: francisochieng@gmail.com
87: Grace L Nabirye OLD EMAIL: student70@gmail.com -> NEW EMAIL: gracenabirye@gmail.com
88: Hakim S Moshi OLD EMAIL: student71@gmail.com -> NEW EMAIL: hakimmoshi2@gmail.com
89: Irene M Kabagenyi OLD EMAIL: student72@gmail.com -> NEW EMAIL: irenekabagenyi@gmail.com
90: Jean P Nzabonimpa OLD EMAIL: student73@gmail.com -> NEW EMAIL: jeannzabonimpa@gmail.com
91: Keziah T Nabukenya OLD EMAIL: student74@gmail.com -> NEW EMAIL: keziahnabukenya@gmail.com
92: Leo N Odhiambo OLD EMAIL: student75@gmail.com -> NEW EMAIL: leoodhiambo@gmail.com
93: Malia S Uwimana OLD EMAIL: student76@gmail.com -> NEW EMAIL: maliauwimana@gmail.com
94: Moses K Mukasa OLD EMAIL: student77@gmail.com -> NEW EMAIL: mosesmukasa@gmail.com
95: Nadia J Bakari OLD EMAIL: student78@gmail.com -> NEW EMAIL: nadiabakari@gmail.com
96: Nathan M Oryem OLD EMAIL: student79@gmail.com -> NEW EMAIL: nathanoryem@gmail.com
97: Olive K Amongin OLD EMAIL: student80@gmail.com -> NEW EMAIL: oliveamongin@gmail.com
98: Paul S Mshana OLD EMAIL: student81@gmail.com -> NEW EMAIL: paulmshana@gmail.com
99: Queen N Kabagenyi OLD EMAIL: student82@gmail.com -> NEW EMAIL: queenkabagenyi@gmail.com
100: Ryan P Habimana OLD EMAIL: student83@gmail.com -> NEW EMAIL: ryanhabimana@gmail.com
101: Akello M Lado OLD EMAIL: student84@gmail.com -> NEW EMAIL: akellolado@gmail.com
102: Nabukenya A Grace OLD EMAIL: student85@gmail.com -> NEW EMAIL: nabukenyagrace@gmail.com
103: Juma S Bakari OLD EMAIL: student86@gmail.com -> NEW EMAIL: jumabakari@gmail.com
104: Aisha M Namirembe OLD EMAIL: student87@gmail.com -> NEW EMAIL: aishanamirembe@gmail.com
105: Peter O Ochieng OLD EMAIL: student88@gmail.com -> NEW EMAIL: peterochieng@gmail.com
106: Keza T Uwimana OLD EMAIL: student89@gmail.com -> NEW EMAIL: kezauwimana2@gmail.com
107: Samuel K Oryem OLD EMAIL: student90@gmail.com -> NEW EMAIL: samueloryem5@gmail.com
108: Rehema L Nabirye OLD EMAIL: student91@gmail.com -> NEW EMAIL: rehemanabirye2@gmail.com
109: Hakim S Moshi OLD EMAIL: student92@gmail.com -> NEW EMAIL: hakimmoshi3@gmail.com
110: Lilian A Nabukenya OLD EMAIL: student93@gmail.com -> NEW EMAIL: liliannabukenya@gmail.com
111: Brian O Odhiambo OLD EMAIL: student94@gmail.com -> NEW EMAIL: brianodhiambo3@gmail.com
112: Tracy N Kabagenyi OLD EMAIL: student95@gmail.com -> NEW EMAIL: tracykabagenyi5@gmail.com
113: Didier P Habimana OLD EMAIL: student96@gmail.com -> NEW EMAIL: didierhabimana5@gmail.com
114: Moses K Mukasa OLD EMAIL: student97@gmail.com -> NEW EMAIL: mosesmukasa2@gmail.com
115: Nadia J Bakari OLD EMAIL: student98@gmail.com -> NEW EMAIL: nadiabakari2@gmail.com
116: Ryan M Oryem OLD EMAIL: student99@gmail.com -> NEW EMAIL: ryanoryem@gmail.com
117: Olive K Amongin OLD EMAIL: student100@gmail.com -> NEW EMAIL: oliveamongin2@gmail.com
118: Paul S Mshana OLD EMAIL: student101@gmail.com -> NEW EMAIL: paulmshana2@gmail.com
119: Queen N Kabagenyi OLD EMAIL: student102@gmail.com -> NEW EMAIL: queenkabagenyi2@gmail.com
120: Nathan M Habimana OLD EMAIL: student103@gmail.com -> NEW EMAIL: nathanhabimana@gmail.com
121: Amina K Kintu OLD EMAIL: student104@gmail.com -> NEW EMAIL: aminakintu@gmail.com
122: Brian M Okello OLD EMAIL: student105@gmail.com -> NEW EMAIL: brianokello@gmail.com
123: Chantal A Nabukenya OLD EMAIL: student106@gmail.com -> NEW EMAIL: chantalnabukenya@gmail.com
124: David O Mugisha OLD EMAIL: student107@gmail.com -> NEW EMAIL: davidmugisha@gmail.com
125: Ester M Bakari OLD EMAIL: student108@gmail.com -> NEW EMAIL: esterbakari2@gmail.com
126: Francis L Ochieng OLD EMAIL: student109@gmail.com -> NEW EMAIL: francisochieng2@gmail.com
127: Grace N Nabirye OLD EMAIL: student110@gmail.com -> NEW EMAIL: gracenabirye2@gmail.com
128: Hakim S Moshi OLD EMAIL: student111@gmail.com -> NEW EMAIL: hakimmoshi4@gmail.com
129: Irene A Kabagenyi OLD EMAIL: student112@gmail.com -> NEW EMAIL: irenekabagenyi2@gmail.com
130: Jean P Habimana OLD EMAIL: student113@gmail.com -> NEW EMAIL: jeanhabimana@gmail.com
131: Keziah T Nabukenya OLD EMAIL: student114@gmail.com -> NEW EMAIL: keziahnabukenya2@gmail.com
132: Leo N Odhiambo OLD EMAIL: student115@gmail.com -> NEW EMAIL: leoodhiambo2@gmail.com
133: Malia S Uwimana OLD EMAIL: student116@gmail.com -> NEW EMAIL: maliauwimana2@gmail.com
134: Moses K Mukasa OLD EMAIL: student117@gmail.com -> NEW EMAIL: mosesmukasa3@gmail.com
135: Nadia J Bakari OLD EMAIL: student118@gmail.com -> NEW EMAIL: nadiabakari3@gmail.com
136: Ryan M Oryem OLD EMAIL: student119@gmail.com -> NEW EMAIL: ryanoryem2@gmail.com
137: Olive K Amongin OLD EMAIL: student120@gmail.com -> NEW EMAIL: oliveamongin3@gmail.com
138: Paul S Mshana OLD EMAIL: student121@gmail.com -> NEW EMAIL: paulmshana3@gmail.com
139: Queen N Kabagenyi OLD EMAIL: student122@gmail.com -> NEW EMAIL: queenkabagenyi3@gmail.com
140: Nathan M Habimana OLD EMAIL: student123@gmail.com -> NEW EMAIL: nathanhabimana2@gmail.com
141: Akello M Lado OLD EMAIL: student124@gmail.com -> NEW EMAIL: akellolado2@gmail.com
142: Nabukenya A Grace OLD EMAIL: student125@gmail.com -> NEW EMAIL: nabukenyagrace2@gmail.com
143: Juma S Bakari OLD EMAIL: student126@gmail.com -> NEW EMAIL: jumabakari2@gmail.com
144: Aisha M Namirembe OLD EMAIL: student127@gmail.com -> NEW EMAIL: aishanamirembe2@gmail.com
145: Peter O Ochieng OLD EMAIL: student128@gmail.com -> NEW EMAIL: peterochieng2@gmail.com
146: Keza T Uwimana OLD EMAIL: student129@gmail.com -> NEW EMAIL: kezauwimana3@gmail.com
147: Samuel K Oryem OLD EMAIL: student130@gmail.com -> NEW EMAIL: samueloryem6@gmail.com
148: Rehema L Nabirye OLD EMAIL: student131@gmail.com -> NEW EMAIL: rehemanabirye3@gmail.com
149: Hakim S Moshi OLD EMAIL: student132@gmail.com -> NEW EMAIL: hakimmoshi5@gmail.com
150: Lilian A Nabukenya OLD EMAIL: student133@gmail.com -> NEW EMAIL: liliannabukenya2@gmail.com
151: Brian O Odhiambo OLD EMAIL: student134@gmail.com -> NEW EMAIL: brianodhiambo4@gmail.com
152: Tracy N Kabagenyi OLD EMAIL: student135@gmail.com -> NEW EMAIL: tracykabagenyi6@gmail.com
153: Didier P Habimana OLD EMAIL: student136@gmail.com -> NEW EMAIL: didierhabimana6@gmail.com
154: Moses K Mukasa OLD EMAIL: student137@gmail.com -> NEW EMAIL: mosesmukasa4@gmail.com
155: Nadia J Bakari OLD EMAIL: student138@gmail.com -> NEW EMAIL: nadiabakari4@gmail.com
156: Ryan M Oryem OLD EMAIL: student139@gmail.com -> NEW EMAIL: ryanoryem3@gmail.com
157: Olive K Amongin OLD EMAIL: student140@gmail.com -> NEW EMAIL: oliveamongin4@gmail.com
158: Paul S Mshana OLD EMAIL: student141@gmail.com -> NEW EMAIL: paulmshana4@gmail.com
159: Queen N Kabagenyi OLD EMAIL: student142@gmail.com -> NEW EMAIL: queenkabagenyi4@gmail.com
160: Nathan M Habimana OLD EMAIL: student143@gmail.com -> NEW EMAIL: nathanhabimana3@gmail.com
165: Akello J Ladok OLD EMAIL: student144@gmail.com -> NEW EMAIL: akelloladok@gmail.com
166: Baraka K Okello OLD EMAIL: student145@gmail.com -> NEW EMAIL: baraka@gmail.com
167: Chantal M Nabukenya OLD EMAIL: student146@gmail.com -> NEW EMAIL: chantalnabukenya2@gmail.com
168: David L Mugisha OLD EMAIL: student147@gmail.com -> NEW EMAIL: davidmugisha2@gmail.com
169: Ester N Bakari OLD EMAIL: student148@gmail.com -> NEW EMAIL: esterbakari3@gmail.com
170: Francis P Ochieng OLD EMAIL: student149@gmail.com -> NEW EMAIL: francisochieng3@gmail.com
171: Grace R Nabirye OLD EMAIL: student150@gmail.com -> NEW EMAIL: gracenabirye3@gmail.com
172: Hakim S Moshi OLD EMAIL: student151@gmail.com -> NEW EMAIL: hakimmoshi6@gmail.com
173: Irene T Kabagenyi OLD EMAIL: student152@gmail.com -> NEW EMAIL: irenekabagenyi3@gmail.com
174: Jean U Habimana OLD EMAIL: student153@gmail.com -> NEW EMAIL: jeanhabimana2@gmail.com
175: Kezia V Nabukenya OLD EMAIL: student154@gmail.com -> NEW EMAIL: kezianabukenya@gmail.com
176: Leo W Odhiambo OLD EMAIL: student155@gmail.com -> NEW EMAIL: leoodhiambo3@gmail.com
177: Miriam X Nkurunziza OLD EMAIL: student156@gmail.com -> NEW EMAIL: miriamnkurunziza@gmail.com
178: Nathan Y Oryem OLD EMAIL: student157@gmail.com -> NEW EMAIL: nathanoryem2@gmail.com
179: Olive Z Amongin OLD EMAIL: student158@gmail.com -> NEW EMAIL: oliveamongin5@gmail.com
180: Patrick A Luo OLD EMAIL: student159@gmail.com -> NEW EMAIL: patrickluo2@gmail.com
181: Queen B Kabagenyi OLD EMAIL: student160@gmail.com -> NEW EMAIL: queenkabagenyi5@gmail.com
182: Ryan C Oryem OLD EMAIL: student161@gmail.com -> NEW EMAIL: ryanoryem4@gmail.com
183: Sifa D Nabukenya OLD EMAIL: student162@gmail.com -> NEW EMAIL: sifanabukenya@gmail.com
184: Tom E Mugume OLD EMAIL: student163@gmail.com -> NEW EMAIL: tommugume@gmail.com
186: Abigail M Nabukenya OLD EMAIL: student164@gmail.com -> NEW EMAIL: abigail@gmail.com
187: Brian L Odhiambo OLD EMAIL: student165@gmail.com -> NEW EMAIL: brianodhiambo5@gmail.com
188: Clara J Nabirye OLD EMAIL: student166@gmail.com -> NEW EMAIL: claranabirye@gmail.com
189: Daniel K Mugisha OLD EMAIL: student167@gmail.com -> NEW EMAIL: danielmugisha2@gmail.com
190: Emilia P Bakari OLD EMAIL: student168@gmail.com -> NEW EMAIL: emiliabakari@gmail.com
191: Fredrick N Ochieng OLD EMAIL: student169@gmail.com -> NEW EMAIL: fredrickochieng@gmail.com
192: Grace R Nabukenya OLD EMAIL: student170@gmail.com -> NEW EMAIL: gracenabukenya@gmail.com
193: Hakim S Moshi OLD EMAIL: student171@gmail.com -> NEW EMAIL: hakimmoshi7@gmail.com
194: Irene T Kabagenyi OLD EMAIL: student172@gmail.com -> NEW EMAIL: irenekabagenyi4@gmail.com
195: Jacob U Habimana OLD EMAIL: student173@gmail.com -> NEW EMAIL: jacobhabimana@gmail.com
196: Kezia V Nabukenya OLD EMAIL: student174@gmail.com -> NEW EMAIL: kezianabukenya2@gmail.com
197: Leo W Odhiambo OLD EMAIL: student175@gmail.com -> NEW EMAIL: leoodhiambo4@gmail.com
198: Miriam X Nkurunziza OLD EMAIL: student176@gmail.com -> NEW EMAIL: miriamnkurunziza2@gmail.com
199: Nathan Y Oryem OLD EMAIL: student177@gmail.com -> NEW EMAIL: nathanoryem3@gmail.com
200: Olive Z Amongin OLD EMAIL: student178@gmail.com -> NEW EMAIL: oliveamongin6@gmail.com
201: Patrick A Luo OLD EMAIL: student179@gmail.com -> NEW EMAIL: patrickluo3@gmail.com
202: Queen B Kabagenyi OLD EMAIL: student180@gmail.com -> NEW EMAIL: queenkabagenyi6@gmail.com
203: Ryan C Oryem OLD EMAIL: student181@gmail.com -> NEW EMAIL: ryanoryem5@gmail.com
204: Sifa D Nabukenya OLD EMAIL: student182@gmail.com -> NEW EMAIL: sifanabukenya2@gmail.com
205: Tom E Mugume OLD EMAIL: student183@gmail.com -> NEW EMAIL: tommugume2@gmail.com
206: Alice A Nabukenya OLD EMAIL: student184@gmail.com -> NEW EMAIL: alicenabukenya@gmail.com
207: Brian B Odhiambo OLD EMAIL: student185@gmail.com -> NEW EMAIL: brianodhiambo6@gmail.com
208: Catherine C Nabirye OLD EMAIL: student186@gmail.com -> NEW EMAIL: catherine@gmail.com
209: David D Mugisha OLD EMAIL: student187@gmail.com -> NEW EMAIL: davidmugisha3@gmail.com
210: Esther E Bakari OLD EMAIL: student188@gmail.com -> NEW EMAIL: estherbakari@gmail.com
211: Fredrick F Ochieng OLD EMAIL: student189@gmail.com -> NEW EMAIL: fredrickochieng2@gmail.com
212: Gloria G Nabukenya OLD EMAIL: student190@gmail.com -> NEW EMAIL: glorianabukenya@gmail.com
213: Hakim H Moshi OLD EMAIL: student191@gmail.com -> NEW EMAIL: hakimmoshi8@gmail.com
214: Irene I Kabagenyi OLD EMAIL: student192@gmail.com -> NEW EMAIL: irenekabagenyi5@gmail.com
215: James J Habimana OLD EMAIL: student193@gmail.com -> NEW EMAIL: jameshabimana@gmail.com
216: Kezia K Nabukenya OLD EMAIL: student194@gmail.com -> NEW EMAIL: kezianabukenya3@gmail.com
217: Leo L Odhiambo OLD EMAIL: student195@gmail.com -> NEW EMAIL: leoodhiambo5@gmail.com
218: Miriam M Nkurunziza OLD EMAIL: student196@gmail.com -> NEW EMAIL: miriamnkurunziza3@gmail.com
219: Nathan N Oryem OLD EMAIL: student197@gmail.com -> NEW EMAIL: nathanoryem4@gmail.com
220: Olive O Amongin OLD EMAIL: student198@gmail.com -> NEW EMAIL: oliveamongin7@gmail.com
221: Patrick P Luo OLD EMAIL: student199@gmail.com -> NEW EMAIL: patrickluo4@gmail.com
222: Queen Q Kabagenyi OLD EMAIL: student200@gmail.com -> NEW EMAIL: queenkabagenyi7@gmail.com
223: Ryan R Oryem OLD EMAIL: student201@gmail.com -> NEW EMAIL: ryanoryem6@gmail.com
224: Sifa S Nabukenya OLD EMAIL: student202@gmail.com -> NEW EMAIL: sifanabukenya3@gmail.com
225: Tom T Mugume OLD EMAIL: student203@gmail.com -> NEW EMAIL: tommugume3@gmail.com
226: Aminah K Nabwire OLD EMAIL: student204@gmail.com -> NEW EMAIL: aminah@gmail.com
227: Bakari L Kato OLD EMAIL: student205@gmail.com -> NEW EMAIL: bakari@gmail.com
228: Clara M Nabirye OLD EMAIL: student206@gmail.com -> NEW EMAIL: claranabirye2@gmail.com
229: Daniel N Tumwesigye OLD EMAIL: student207@gmail.com -> NEW EMAIL: danieltumwesigye@gmail.com
230: Emilia O Byaruhanga OLD EMAIL: student208@gmail.com -> NEW EMAIL: emiliabyaruhanga@gmail.com
231: Fredrick P Mugisha OLD EMAIL: student209@gmail.com -> NEW EMAIL: fredrickmugisha@gmail.com
232: Grace Q Nabukenya OLD EMAIL: student210@gmail.com -> NEW EMAIL: gracenabukenya2@gmail.com
233: Hakim R Moshi OLD EMAIL: student211@gmail.com -> NEW EMAIL: hakimmoshi9@gmail.com
234: Irene S Kabagenyi OLD EMAIL: student212@gmail.com -> NEW EMAIL: irenekabagenyi6@gmail.com
235: Jacob T Habimana OLD EMAIL: student213@gmail.com -> NEW EMAIL: jacobhabimana2@gmail.com
236: Kezia U Nabukenya OLD EMAIL: student214@gmail.com -> NEW EMAIL: kezianabukenya4@gmail.com
237: Leo V Odhiambo OLD EMAIL: student215@gmail.com -> NEW EMAIL: leoodhiambo6@gmail.com
238: Miriam W Nkurunziza OLD EMAIL: student216@gmail.com -> NEW EMAIL: miriamnkurunziza4@gmail.com
239: Nathan X Oryem OLD EMAIL: student217@gmail.com -> NEW EMAIL: nathanoryem5@gmail.com
240: Olive Y Amongin OLD EMAIL: student218@gmail.com -> NEW EMAIL: oliveamongin8@gmail.com
241: Patrick Z Luo OLD EMAIL: student219@gmail.com -> NEW EMAIL: patrickluo5@gmail.com
242: Queen AA Kabagenyi OLD EMAIL: student220@gmail.com -> NEW EMAIL: queenkabagenyi8@gmail.com
243: Ryan AB Oryem OLD EMAIL: student221@gmail.com -> NEW EMAIL: ryanoryem7@gmail.com
244: Sifa AC Nabukenya OLD EMAIL: student222@gmail.com -> NEW EMAIL: sifanabukenya4@gmail.com
245: Tom AD Mugume OLD EMAIL: student223@gmail.com -> NEW EMAIL: tommugume4@gmail.com
246: Amos A Kibirige OLD EMAIL: student224@gmail.com -> NEW EMAIL: amoskibirige@gmail.com
247: Beatrice B Nabajuzi OLD EMAIL: student225@gmail.com -> NEW EMAIL: beatricenabajuzi@gmail.com
248: Clive C Tumukunde OLD EMAIL: student226@gmail.com -> NEW EMAIL: clivetumukunde@gmail.com
249: Diana D Kayitesi OLD EMAIL: student227@gmail.com -> NEW EMAIL: dianakayitesi@gmail.com
250: Edward E Kakande OLD EMAIL: student228@gmail.com -> NEW EMAIL: edwardkakande@gmail.com
251: Faith F Nabirye OLD EMAIL: student229@gmail.com -> NEW EMAIL: faithnabirye@gmail.com
252: George G Rwabugiri OLD EMAIL: student230@gmail.com -> NEW EMAIL: georgerwabugiri@gmail.com
253: Hannah H Byaruhanga OLD EMAIL: student231@gmail.com -> NEW EMAIL: hannahbyaruhanga@gmail.com
254: Isaac I Namutebi OLD EMAIL: student232@gmail.com -> NEW EMAIL: isaacnamutebi@gmail.com
255: Joseph J Uwimana OLD EMAIL: student233@gmail.com -> NEW EMAIL: josephuwimana@gmail.com
256: Kezia K Nabakyala OLD EMAIL: student234@gmail.com -> NEW EMAIL: kezianabakyala@gmail.com
257: Leo L Otim OLD EMAIL: student235@gmail.com -> NEW EMAIL: leootim@gmail.com
258: Miriam M Nkurunziza OLD EMAIL: student236@gmail.com -> NEW EMAIL: miriamnkurunziza5@gmail.com
259: Nathan N Oryem OLD EMAIL: student237@gmail.com -> NEW EMAIL: nathanoryem6@gmail.com
260: Olive O Amongin OLD EMAIL: student238@gmail.com -> NEW EMAIL: oliveamongin9@gmail.com
261: Patrick P Luo OLD EMAIL: student239@gmail.com -> NEW EMAIL: patrickluo6@gmail.com
262: Queen Q Kabagenyi OLD EMAIL: student240@gmail.com -> NEW EMAIL: queenkabagenyi9@gmail.com
263: Ryan R Oryem OLD EMAIL: student241@gmail.com -> NEW EMAIL: ryanoryem8@gmail.com
264: Sifa S Nabukenya OLD EMAIL: student242@gmail.com -> NEW EMAIL: sifanabukenya5@gmail.com
265: Tom T Mugume OLD EMAIL: student243@gmail.com -> NEW EMAIL: tommugume5@gmail.com
266: Abdi A Lakwena OLD EMAIL: student244@gmail.com -> NEW EMAIL: abdi@gmail.com
267: Beatrice B Kakuru OLD EMAIL: student245@gmail.com -> NEW EMAIL: beatricekakuru@gmail.com
268: Clive C Karungi OLD EMAIL: student246@gmail.com -> NEW EMAIL: clivekarungi@gmail.com
269: Diana D Odongo OLD EMAIL: student247@gmail.com -> NEW EMAIL: dianaodongo@gmail.com
270: Edward E Kato OLD EMAIL: student248@gmail.com -> NEW EMAIL: edwardkato@gmail.com
271: Faith F Mutebi OLD EMAIL: student249@gmail.com -> NEW EMAIL: faithmutebi@gmail.com
272: George G Bakora OLD EMAIL: student250@gmail.com -> NEW EMAIL: georgebakora@gmail.com
273: Hannah H Akello OLD EMAIL: student251@gmail.com -> NEW EMAIL: hannahakello@gmail.com
274: Isaac I Ajuna OLD EMAIL: student252@gmail.com -> NEW EMAIL: isaacajuna@gmail.com
275: Joseph J Wabwire OLD EMAIL: student253@gmail.com -> NEW EMAIL: josephwabwire@gmail.com
276: Kezia K Atim OLD EMAIL: student254@gmail.com -> NEW EMAIL: keziaatim@gmail.com
277: Leo L Arua OLD EMAIL: student255@gmail.com -> NEW EMAIL: leoarua@gmail.com
278: Miriam M Kobusingye OLD EMAIL: student256@gmail.com -> NEW EMAIL: miriamkobusingye@gmail.com
279: Nathan N Owino OLD EMAIL: student257@gmail.com -> NEW EMAIL: nathanowino@gmail.com
280: Olive O Atukunda OLD EMAIL: student258@gmail.com -> NEW EMAIL: oliveatukunda@gmail.com
281: Patrick P Loro OLD EMAIL: student259@gmail.com -> NEW EMAIL: patrickloro@gmail.com
282: Queen Q Amanya OLD EMAIL: student260@gmail.com -> NEW EMAIL: queenamanya@gmail.com
283: Ryan R Ochan OLD EMAIL: student261@gmail.com -> NEW EMAIL: ryanochan@gmail.com
284: Sifa S Bagonza OLD EMAIL: student262@gmail.com -> NEW EMAIL: sifabagonza@gmail.com
285: Tom T Mugisha OLD EMAIL: student263@gmail.com -> NEW EMAIL: tommugisha@gmail.com
319: Alice A Kakooza OLD EMAIL: student264@gmail.com -> NEW EMAIL: alicekakooza@gmail.com
321: Brian B Mugisha OLD EMAIL: student265@gmail.com -> NEW EMAIL: brianmugisha@gmail.com
323: Clara C Nabwire OLD EMAIL: student266@gmail.com -> NEW EMAIL: claranabwire@gmail.com
325: Daniel D Kato OLD EMAIL: none@gmail.com -> NEW EMAIL: danielkato@gmail.com
327: Emilia E Nkore OLD EMAIL: student267@gmail.com -> NEW EMAIL: emiliankore@gmail.com
329: Fredrick F Oluoch OLD EMAIL: student268@gmail.com -> NEW EMAIL: fredrickoluoch@gmail.com
331: Gloria G Nabukenya OLD EMAIL: student269@gmail.com -> NEW EMAIL: glorianabukenya2@gmail.com
333: Hakim H Moshi OLD EMAIL: student270@gmail.com -> NEW EMAIL: hakimmoshi10@gmail.com
335: Irene I Kabagenyi OLD EMAIL: student271@gmail.com -> NEW EMAIL: irenekabagenyi7@gmail.com
337: Jacob J Habimana OLD EMAIL: student272@gmail.com -> NEW EMAIL: jacobhabimana3@gmail.com
339: Kezia K Nabukenya OLD EMAIL: student273@gmail.com -> NEW EMAIL: kezianabukenya5@gmail.com
341: Leo L Odhiambo OLD EMAIL: student274@gmail.com -> NEW EMAIL: leoodhiambo7@gmail.com
343: Miriam M Nkurunziza OLD EMAIL: student275@gmail.com -> NEW EMAIL: miriamnkurunziza6@gmail.com
345: Nathan N Oryem OLD EMAIL: student276@gmail.com -> NEW EMAIL: nathanoryem7@gmail.com
347: Olive O Amongin OLD EMAIL: student277@gmail.com -> NEW EMAIL: oliveamongin10@gmail.com
349: Patrick P Luo OLD EMAIL: student278@gmail.com -> NEW EMAIL: patrickluo7@gmail.com
351: Queen Q Kabagenyi OLD EMAIL: student279@gmail.com -> NEW EMAIL: queenkabagenyi10@gmail.com
353: Ryan R Oryem OLD EMAIL: student280@gmail.com -> NEW EMAIL: ryanoryem9@gmail.com
355: Sifa S Nabukenya OLD EMAIL: student281@gmail.com -> NEW EMAIL: sifanabukenya6@gmail.com
357: Tom T Mugume OLD EMAIL: student282@gmail.com -> NEW EMAIL: tommugume6@gmail.com
374: Amos A Byaruhanga OLD EMAIL: student283@gmail.com -> NEW EMAIL: amosbyaruhanga@gmail.com
375: Betty B Nabwire OLD EMAIL: student284@gmail.com -> NEW EMAIL: betty@gmail.com
376: Charles C Mugisha OLD EMAIL: student285@gmail.com -> NEW EMAIL: charlesmugisha@gmail.com
377: Diana D Kakande OLD EMAIL: student286@gmail.com -> NEW EMAIL: dianakakande@gmail.com
378: Edwin E Nkore OLD EMAIL: student287@gmail.com -> NEW EMAIL: edwin@gmail.com
379: Faith F Ochieng OLD EMAIL: student288@gmail.com -> NEW EMAIL: faithochieng@gmail.com
380: George G Nabukenya OLD EMAIL: student289@gmail.com -> NEW EMAIL: georgenabukenya@gmail.com
381: Hazel H Moshi OLD EMAIL: student290@gmail.com -> NEW EMAIL: hazelmoshi@gmail.com
382: Ian I Kabagenyi OLD EMAIL: student291@gmail.com -> NEW EMAIL: iankabagenyi@gmail.com
383: Jane J Habimana OLD EMAIL: student292@gmail.com -> NEW EMAIL: janehabimana@gmail.com
384: Kevin K Nabukenya OLD EMAIL: student293@gmail.com -> NEW EMAIL: kevinnabukenya@gmail.com
385: Laura L Odhiambo OLD EMAIL: student294@gmail.com -> NEW EMAIL: lauraodhiambo@gmail.com
386: Michael M Nkurunziza OLD EMAIL: student295@gmail.com -> NEW EMAIL: michaelnkurunziza@gmail.com
387: Nancy N Oryem OLD EMAIL: student296@gmail.com -> NEW EMAIL: nancyoryem@gmail.com
388: Olivia O Amongin OLD EMAIL: student297@gmail.com -> NEW EMAIL: oliviaamongin@gmail.com
389: Peter P Luo OLD EMAIL: student298@gmail.com -> NEW EMAIL: peterluo@gmail.com
390: Ruth R Kabagenyi OLD EMAIL: student299@gmail.com -> NEW EMAIL: ruthkabagenyi@gmail.com
391: Sam S Oryem OLD EMAIL: student300@gmail.com -> NEW EMAIL: samoryem@gmail.com
392: Tina T Nabukenya OLD EMAIL: student301@gmail.com -> NEW EMAIL: tinanabukenya@gmail.com
393: Umar U Mugume OLD EMAIL: student302@gmail.com -> NEW EMAIL: umarmugume@gmail.com
395: Abel A Aluma OLD EMAIL: student303@gmail.com -> NEW EMAIL: abelaluma@gmail.com
396: Beatrice B Bakonjo OLD EMAIL: student304@gmail.com -> NEW EMAIL: beatricebakonjo@gmail.com
397: Charles C Karungi OLD EMAIL: student305@gmail.com -> NEW EMAIL: charleskarungi@gmail.com
398: Diana D Ochieng OLD EMAIL: student306@gmail.com -> NEW EMAIL: dianaochieng@gmail.com
399: Edward E Mugisha OLD EMAIL: student307@gmail.com -> NEW EMAIL: edwardmugisha@gmail.com
400: Faith F Musa OLD EMAIL: student308@gmail.com -> NEW EMAIL: faithmusa@gmail.com
401: George G Nkore OLD EMAIL: student309@gmail.com -> NEW EMAIL: georgenkore@gmail.com
402: Hazel H Amongin OLD EMAIL: student310@gmail.com -> NEW EMAIL: hazelamongin@gmail.com
403: Ian I Oryem OLD EMAIL: student311@gmail.com -> NEW EMAIL: ianoryem@gmail.com
404: Jane J Bakari OLD EMAIL: student312@gmail.com -> NEW EMAIL: janebakari@gmail.com
405: Kevin K Mugume OLD EMAIL: student313@gmail.com -> NEW EMAIL: kevinmugume@gmail.com
406: Laura L Alur OLD EMAIL: student314@gmail.com -> NEW EMAIL: lauraalur@gmail.com
407: Michael M Bakonjo OLD EMAIL: student315@gmail.com -> NEW EMAIL: michaelbakonjo@gmail.com
408: Nancy N Karamoja OLD EMAIL: student316@gmail.com -> NEW EMAIL: nancykaramoja@gmail.com
409: Olivia O Moshi OLD EMAIL: student317@gmail.com -> NEW EMAIL: oliviamoshi@gmail.com
410: Peter P Nkore OLD EMAIL: student318@gmail.com -> NEW EMAIL: peternkore@gmail.com
411: Ruth R Amongin OLD EMAIL: student319@gmail.com -> NEW EMAIL: ruthamongin@gmail.com
412: Sam S Oryem OLD EMAIL: student320@gmail.com -> NEW EMAIL: samoryem2@gmail.com
413: Tina T Bakari OLD EMAIL: student321@gmail.com -> NEW EMAIL: tinabakari@gmail.com
414: Umar U Mugume OLD EMAIL: student322@gmail.com -> NEW EMAIL: umarmugume2@gmail.com
415: Abel A Aluma OLD EMAIL: student323@gmail.com -> NEW EMAIL: abelaluma2@gmail.com
416: Beatrice B Bukusu OLD EMAIL: student324@gmail.com -> NEW EMAIL: beatricebukusu@gmail.com
417: Claudia C Kabagenyi OLD EMAIL: student325@gmail.com -> NEW EMAIL: claudia@gmail.com
418: David D Dhoore OLD EMAIL: student326@gmail.com -> NEW EMAIL: daviddhoore@gmail.com
419: Esther E Ekon OLD EMAIL: student327@gmail.com -> NEW EMAIL: estherekon@gmail.com
420: Fred F Fungura OLD EMAIL: student328@gmail.com -> NEW EMAIL: fredfungura@gmail.com
421: Gloria G Gumisiriza OLD EMAIL: student329@gmail.com -> NEW EMAIL: gloriagumisiriza@gmail.com
422: Hakim H Habimana OLD EMAIL: student330@gmail.com -> NEW EMAIL: hakimhabimana@gmail.com
423: Irene I Isabirye OLD EMAIL: student331@gmail.com -> NEW EMAIL: ireneisabirye@gmail.com
424: Jacob J Jjuuko OLD EMAIL: student332@gmail.com -> NEW EMAIL: jacobjjuuko@gmail.com
425: Kezia K Kakuru OLD EMAIL: student333@gmail.com -> NEW EMAIL: keziakakuru@gmail.com
426: Leo L Lukwago OLD EMAIL: student334@gmail.com -> NEW EMAIL: leolukwago@gmail.com
427: Miriam M Mugisha OLD EMAIL: student335@gmail.com -> NEW EMAIL: miriammugisha@gmail.com
428: Nathan N Nsubuga OLD EMAIL: student336@gmail.com -> NEW EMAIL: nathannsubuga@gmail.com
429: Olive O Oryem OLD EMAIL: student337@gmail.com -> NEW EMAIL: oliveoryem@gmail.com
430: Patrick P Paraao OLD EMAIL: student338@gmail.com -> NEW EMAIL: patrickparaao@gmail.com
431: Queen Q Quintus OLD EMAIL: student339@gmail.com -> NEW EMAIL: queenquintus@gmail.com
432: Ryan R Rukundo OLD EMAIL: student340@gmail.com -> NEW EMAIL: ryanrukundo@gmail.com
433: Sifa S Ssempa OLD EMAIL: student341@gmail.com -> NEW EMAIL: sifassempa@gmail.com
434: Tom T Turyahabwe OLD EMAIL: student342@gmail.com -> NEW EMAIL: tomturyahabwe@gmail.com
435: Abel A Ajok OLD EMAIL: student343@gmail.com -> NEW EMAIL: abelajok@gmail.com
436: Beatrice B Lango OLD EMAIL: student344@gmail.com -> NEW EMAIL: beatricelango@gmail.com
437: Clara C Kato OLD EMAIL: student345@gmail.com -> NEW EMAIL: clarakato@gmail.com
438: Daniel D Otim OLD EMAIL: student346@gmail.com -> NEW EMAIL: danielotim@gmail.com
439: Emilia E Nabaggala OLD EMAIL: student347@gmail.com -> NEW EMAIL: emilianabaggala@gmail.com
440: Fred F Anyango OLD EMAIL: student348@gmail.com -> NEW EMAIL: fredanyango@gmail.com
441: Gloria G Okello OLD EMAIL: student349@gmail.com -> NEW EMAIL: gloriaokello@gmail.com
442: Hakim H Laker OLD EMAIL: student350@gmail.com -> NEW EMAIL: hakimlaker@gmail.com
443: Irene I Mukasa OLD EMAIL: student351@gmail.com -> NEW EMAIL: irenemukasa@gmail.com
444: Jacob J Ladongo OLD EMAIL: student352@gmail.com -> NEW EMAIL: jacobladongo@gmail.com
445: Kezia K Nakalema OLD EMAIL: student353@gmail.com -> NEW EMAIL: kezianakalema@gmail.com
446: Leo L Oryem OLD EMAIL: student354@gmail.com -> NEW EMAIL: leooryem@gmail.com
447: Miriam M Ladiga OLD EMAIL: student355@gmail.com -> NEW EMAIL: miriamladiga@gmail.com
448: Nathan N Okumu OLD EMAIL: student356@gmail.com -> NEW EMAIL: nathanokumu@gmail.com
449: Olive O Laker OLD EMAIL: student357@gmail.com -> NEW EMAIL: olivelaker@gmail.com
450: Patrick P Okello OLD EMAIL: student358@gmail.com -> NEW EMAIL: patrickokello@gmail.com
451: Queen Q Nabisere OLD EMAIL: student359@gmail.com -> NEW EMAIL: queennabisere@gmail.com
452: Ryan R Ajwang OLD EMAIL: student360@gmail.com -> NEW EMAIL: ryanajwang@gmail.com
453: Sifa S Okumu OLD EMAIL: student361@gmail.com -> NEW EMAIL: sifaokumu@gmail.com
454: Tom T Nabwire OLD EMAIL: student362@gmail.com -> NEW EMAIL: tomnabwire@gmail.com
456: Abel A Ajok OLD EMAIL: student363@gmail.com -> NEW EMAIL: abelajok2@gmail.com
457: Beatrice B Lango OLD EMAIL: student364@gmail.com -> NEW EMAIL: beatricelango2@gmail.com
458: Clara C Kato OLD EMAIL: student365@gmail.com -> NEW EMAIL: clarakato2@gmail.com
459: Daniel D Otim OLD EMAIL: student366@gmail.com -> NEW EMAIL: danielotim2@gmail.com
460: Emilia E Nabaggala OLD EMAIL: student367@gmail.com -> NEW EMAIL: emilianabaggala2@gmail.com
461: Fred F Anyango OLD EMAIL: student368@gmail.com -> NEW EMAIL: fredanyango2@gmail.com
462: Gloria G Okello OLD EMAIL: student369@gmail.com -> NEW EMAIL: gloriaokello2@gmail.com
463: Hakim H Laker OLD EMAIL: student370@gmail.com -> NEW EMAIL: hakimlaker2@gmail.com
464: Irene I Mukasa OLD EMAIL: student371@gmail.com -> NEW EMAIL: irenemukasa2@gmail.com
465: Jacob J Ladongo OLD EMAIL: student372@gmail.com -> NEW EMAIL: jacobladongo2@gmail.com
466: Lilian K Nabisere OLD EMAIL: student373@gmail.com -> NEW EMAIL: liliannabisere@gmail.com
467: Moses M Ajwang OLD EMAIL: student374@gmail.com -> NEW EMAIL: mosesajwang@gmail.com
468: Nancy N Okumu OLD EMAIL: student375@gmail.com -> NEW EMAIL: nancyokumu@gmail.com
469: Oscar O Nakalema OLD EMAIL: student376@gmail.com -> NEW EMAIL: oscar@gmail.com
470: Prisca P Okello OLD EMAIL: student377@gmail.com -> NEW EMAIL: prisca@gmail.com
471: Richard R Ajok OLD EMAIL: student378@gmail.com -> NEW EMAIL: richardajok@gmail.com
472: Susan S Lango OLD EMAIL: student379@gmail.com -> NEW EMAIL: susan@gmail.com
473: Timothy T Otim OLD EMAIL: student380@gmail.com -> NEW EMAIL: timothy@gmail.com
474: Ursula U Mukasa OLD EMAIL: student381@gmail.com -> NEW EMAIL: ursula@gmail.com
475: Victor V Ladiga OLD EMAIL: student382@gmail.com -> NEW EMAIL: victor@gmail.com
476: Winifred W Okumu OLD EMAIL: student383@gmail.com -> NEW EMAIL: winifred@gmail.com
478: Abraham A Okello OLD EMAIL: student384@gmail.com -> NEW EMAIL: abraham@gmail.com
479: Beatrice B Niyonzima OLD EMAIL: student385@gmail.com -> NEW EMAIL: beatriceniyonzima@gmail.com
480: Clinton C Omara OLD EMAIL: student386@gmail.com -> NEW EMAIL: clintonomara@gmail.com
481: Diana D Lado OLD EMAIL: student387@gmail.com -> NEW EMAIL: dianalado@gmail.com
482: Emmanuel E Mukasa OLD EMAIL: student388@gmail.com -> NEW EMAIL: emmanuelmukasa@gmail.com
483: Fiona F Nabukenya OLD EMAIL: student389@gmail.com -> NEW EMAIL: fionanabukenya@gmail.com
484: Gabriel G Okumu OLD EMAIL: student390@gmail.com -> NEW EMAIL: gabrielokumu@gmail.com
485: Hannah H Nshimiyimana OLD EMAIL: student391@gmail.com -> NEW EMAIL: hannahnshimiyimana@gmail.com
486: Isaac I Ochan OLD EMAIL: student392@gmail.com -> NEW EMAIL: isaacochan@gmail.com
487: Joyce J Uwimana OLD EMAIL: student393@gmail.com -> NEW EMAIL: joyceuwimana@gmail.com
488: Kevin K Ojok OLD EMAIL: student394@gmail.com -> NEW EMAIL: kevinojok@gmail.com
489: Lydia L Niyirora OLD EMAIL: student395@gmail.com -> NEW EMAIL: lydianiyirora@gmail.com
490: Michael M Omara OLD EMAIL: student396@gmail.com -> NEW EMAIL: michaelomara@gmail.com
491: Naomi N Oluoch OLD EMAIL: student397@gmail.com -> NEW EMAIL: naomioluoch@gmail.com
492: Oliver O Okot OLD EMAIL: student398@gmail.com -> NEW EMAIL: oliverokot@gmail.com
493: Patricia P Nabirye OLD EMAIL: student399@gmail.com -> NEW EMAIL: patricianabirye@gmail.com
494: Quentin Q Otieno OLD EMAIL: student400@gmail.com -> NEW EMAIL: quentinotieno@gmail.com
495: Rebecca R Lado OLD EMAIL: student401@gmail.com -> NEW EMAIL: rebeccalado@gmail.com
496: Samuel S Okumu OLD EMAIL: student402@gmail.com -> NEW EMAIL: samuelokumu@gmail.com
497: Theresa T Niyonsaba OLD EMAIL: student403@gmail.com -> NEW EMAIL: theresaniyonsaba@gmail.com
498: Aaron A Mugisha OLD EMAIL: student404@gmail.com -> NEW EMAIL: aaronmugisha@gmail.com
499: Beatrice B Bahizi OLD EMAIL: student405@gmail.com -> NEW EMAIL: beatricebahizi@gmail.com
500: Clifton C Kato OLD EMAIL: student406@gmail.com -> NEW EMAIL: clifton@gmail.com
501: Diana D Nyakato OLD EMAIL: student407@gmail.com -> NEW EMAIL: diananyakato@gmail.com
502: Emmanuel E Okello OLD EMAIL: student408@gmail.com -> NEW EMAIL: emmanuelokello@gmail.com
503: Fiona F Kakooza OLD EMAIL: student409@gmail.com -> NEW EMAIL: fionakakooza@gmail.com
504: Gabriel G Byenkya OLD EMAIL: student410@gmail.com -> NEW EMAIL: gabrielbyenkya@gmail.com
505: Hannah H Mwesige OLD EMAIL: student411@gmail.com -> NEW EMAIL: hannahmwesige@gmail.com
506: Isaac I Ochan OLD EMAIL: student412@gmail.com -> NEW EMAIL: isaacochan2@gmail.com
507: Joyce J Kabagambe OLD EMAIL: student413@gmail.com -> NEW EMAIL: joycekabagambe@gmail.com
508: Kevin K Kisembo OLD EMAIL: student414@gmail.com -> NEW EMAIL: kevinkisembo@gmail.com
509: Lydia L Kyomuhendo OLD EMAIL: student415@gmail.com -> NEW EMAIL: lydiakyomuhendo@gmail.com
510: Michael M Kakooza OLD EMAIL: student416@gmail.com -> NEW EMAIL: michaelkakooza@gmail.com
511: Naomi N Byenkya OLD EMAIL: student417@gmail.com -> NEW EMAIL: naomibyenkya@gmail.com
512: Oliver O Nyakato OLD EMAIL: student418@gmail.com -> NEW EMAIL: olivernyakato@gmail.com
513: Patricia P Mwesige OLD EMAIL: student419@gmail.com -> NEW EMAIL: patriciamwesige@gmail.com
514: Quentin Q Okello OLD EMAIL: student420@gmail.com -> NEW EMAIL: quentinokello@gmail.com
515: Rebecca R Kakooza OLD EMAIL: student421@gmail.com -> NEW EMAIL: rebeccakakooza@gmail.com
516: Samuel S Byenkya OLD EMAIL: student422@gmail.com -> NEW EMAIL: samuelbyenkya@gmail.com
517: Theresa T Mwesige OLD EMAIL: student423@gmail.com -> NEW EMAIL: theresamwesige@gmail.com
518: Abel A Kagaba OLD EMAIL: student424@gmail.com -> NEW EMAIL: abelkagaba@gmail.com
519: Beatrice B Niyonzima OLD EMAIL: student425@gmail.com -> NEW EMAIL: beatriceniyonzima2@gmail.com
520: Clinton C Okello OLD EMAIL: student426@gmail.com -> NEW EMAIL: clintonokello@gmail.com
521: Diana D Mukasa OLD EMAIL: student427@gmail.com -> NEW EMAIL: dianamukasa@gmail.com
522: Emmanuel E Kimenyi OLD EMAIL: student428@gmail.com -> NEW EMAIL: emmanuelkimenyi@gmail.com
523: Fiona F Nyakato OLD EMAIL: student429@gmail.com -> NEW EMAIL: fionanyakato@gmail.com
524: Gabriel G Niyitegeka OLD EMAIL: student430@gmail.com -> NEW EMAIL: gabrielniyitegeka@gmail.com
525: Hannah H Mugisha OLD EMAIL: student431@gmail.com -> NEW EMAIL: hannahmugisha@gmail.com
526: Isaac I Okumu OLD EMAIL: student432@gmail.com -> NEW EMAIL: isaacokumu@gmail.com
527: Joyce J Byenkya OLD EMAIL: student433@gmail.com -> NEW EMAIL: joycebyenkya@gmail.com
528: Kevin K Kimenya OLD EMAIL: student434@gmail.com -> NEW EMAIL: kevinkimenya@gmail.com
529: Lydia L Mukasa OLD EMAIL: student435@gmail.com -> NEW EMAIL: lydiamukasa@gmail.com
530: Michael M Nyiranshuti OLD EMAIL: student436@gmail.com -> NEW EMAIL: michaelnyiranshuti@gmail.com
531: Naomi N Byarugaba OLD EMAIL: student437@gmail.com -> NEW EMAIL: naomibyarugaba@gmail.com
532: Oliver O Mugisha OLD EMAIL: student438@gmail.com -> NEW EMAIL: olivermugisha@gmail.com
533: Patricia P Kakooza OLD EMAIL: student439@gmail.com -> NEW EMAIL: patriciakakooza@gmail.com
534: Quentin Q Niyonzima OLD EMAIL: student440@gmail.com -> NEW EMAIL: quentinniyonzima@gmail.com
535: Rebecca R Mugumya OLD EMAIL: student441@gmail.com -> NEW EMAIL: rebeccamugumya@gmail.com
536: Samuel S Okumu OLD EMAIL: student442@gmail.com -> NEW EMAIL: samuelokumu2@gmail.com
537: Theresa T Mukasa OLD EMAIL: student443@gmail.com -> NEW EMAIL: theresamukasa@gmail.com
538: Aaron A Odongo OLD EMAIL: student444@gmail.com -> NEW EMAIL: aaronodongo@gmail.com
539: Bella B Okello OLD EMAIL: student445@gmail.com -> NEW EMAIL: bella@gmail.com
540: Charles C Oryema OLD EMAIL: student446@gmail.com -> NEW EMAIL: charlesoryema@gmail.com
541: Daphne D Laker OLD EMAIL: student447@gmail.com -> NEW EMAIL: daphne@gmail.com
542: Edison E Apio OLD EMAIL: student448@gmail.com -> NEW EMAIL: edison@gmail.com
543: Faith F Adong OLD EMAIL: student449@gmail.com -> NEW EMAIL: faithadong@gmail.com
544: George G Okumu OLD EMAIL: student450@gmail.com -> NEW EMAIL: georgeokumu@gmail.com
545: Hannah H Okech OLD EMAIL: student451@gmail.com -> NEW EMAIL: hannahokech@gmail.com
546: Isaac I Odrek OLD EMAIL: student452@gmail.com -> NEW EMAIL: isaacodrek@gmail.com
547: Jemima J Anyango OLD EMAIL: student453@gmail.com -> NEW EMAIL: jemima@gmail.com
548: Kevin K Owino OLD EMAIL: student454@gmail.com -> NEW EMAIL: kevinowino@gmail.com
549: Linda L Apiyo OLD EMAIL: student455@gmail.com -> NEW EMAIL: lindaapiyo@gmail.com
550: Martin M Okot OLD EMAIL: student456@gmail.com -> NEW EMAIL: martin@gmail.com
551: Nancy N Achan OLD EMAIL: student457@gmail.com -> NEW EMAIL: nancyachan@gmail.com
552: Oliver O Oketcho OLD EMAIL: student458@gmail.com -> NEW EMAIL: oliveroketcho@gmail.com
553: Patricia P Anywar OLD EMAIL: student459@gmail.com -> NEW EMAIL: patriciaanywar@gmail.com
554: Quentin Q Otu OLD EMAIL: student460@gmail.com -> NEW EMAIL: quentinotu@gmail.com
555: Rachel R Opio OLD EMAIL: student461@gmail.com -> NEW EMAIL: rachel@gmail.com
556: Steven S Obua OLD EMAIL: student462@gmail.com -> NEW EMAIL: steven@gmail.com
557: Tracy T Aruho OLD EMAIL: student463@gmail.com -> NEW EMAIL: tracyaruho@gmail.com
558: Amos Lokuruka Kapchorwa OLD EMAIL: student464@gmail.com -> NEW EMAIL: amoskapchorwa@gmail.com
559: Lillian Komuntale Kapelebyong OLD EMAIL: student465@gmail.com -> NEW EMAIL: lilliankapelebyong@gmail.com
560: Benjamin Lokai Katakwi OLD EMAIL: student466@gmail.com -> NEW EMAIL: benjaminkatakwi@gmail.com
561: Achieng Okello Kumi OLD EMAIL: student467@gmail.com -> NEW EMAIL: achiengkumi@gmail.com
562: Patrick Businge Kibuku OLD EMAIL: student468@gmail.com -> NEW EMAIL: patrickkibuku@gmail.com
563: Rose Akello Kween OLD EMAIL: student469@gmail.com -> NEW EMAIL: rose@gmail.com
564: David Kapere Kapchorwa OLD EMAIL: student470@gmail.com -> NEW EMAIL: davidkapchorwa@gmail.com
565: Esther Komakech Kapelebyong OLD EMAIL: student471@gmail.com -> NEW EMAIL: estherkapelebyong@gmail.com
566: James Okot Katakwi OLD EMAIL: student472@gmail.com -> NEW EMAIL: jameskatakwi@gmail.com
567: Alice Akol Kumi OLD EMAIL: student473@gmail.com -> NEW EMAIL: alicekumi@gmail.com
568: Michael Kapere Kibuku OLD EMAIL: student474@gmail.com -> NEW EMAIL: michaelkibuku@gmail.com
569: Beatrice Alero Kween OLD EMAIL: student475@gmail.com -> NEW EMAIL: beatricekween@gmail.com
570: Emmanuel Lokuruka Kapchorwa OLD EMAIL: student476@gmail.com -> NEW EMAIL: emmanuelkapchorwa@gmail.com
571: Gloria Komuntale Kapelebyong OLD EMAIL: student477@gmail.com -> NEW EMAIL: gloriakapelebyong@gmail.com
572: Isaac Lokai Katakwi OLD EMAIL: student478@gmail.com -> NEW EMAIL: isaackatakwi@gmail.com
573: Jane Okello Kumi OLD EMAIL: student479@gmail.com -> NEW EMAIL: janekumi@gmail.com
574: Kevin Businge Kibuku OLD EMAIL: student480@gmail.com -> NEW EMAIL: kevinkibuku@gmail.com
575: Linda Akello Kween OLD EMAIL: student481@gmail.com -> NEW EMAIL: lindakween@gmail.com
576: Mark Kapere Kapchorwa OLD EMAIL: student482@gmail.com -> NEW EMAIL: mark@gmail.com
577: Nina Komakech Kapelebyong OLD EMAIL: student483@gmail.com -> NEW EMAIL: ninakapelebyong@gmail.com
578: Akello Lokeng Turkana OLD EMAIL: student484@gmail.com -> NEW EMAIL: akelloturkana@gmail.com
579: Achieng Odinga Luo OLD EMAIL: student485@gmail.com -> NEW EMAIL: achiengluo@gmail.com
580: Benjamin Nyerere Dodoma OLD EMAIL: student486@gmail.com -> NEW EMAIL: benjamindodoma@gmail.com
581: Asha Mrema Arusha OLD EMAIL: student487@gmail.com -> NEW EMAIL: ashaarusha@gmail.com
582: Charles Lokwang Turkana OLD EMAIL: student488@gmail.com -> NEW EMAIL: charlesturkana@gmail.com
583: Diana Odinga Luo OLD EMAIL: student489@gmail.com -> NEW EMAIL: dianaluo@gmail.com
584: Emmanuel Nyerere Dodoma OLD EMAIL: student490@gmail.com -> NEW EMAIL: emmanueldodoma@gmail.com
585: Faith Mrema Arusha OLD EMAIL: student491@gmail.com -> NEW EMAIL: faitharusha@gmail.com
586: George Lokich Turkana OLD EMAIL: student492@gmail.com -> NEW EMAIL: georgeturkana@gmail.com
587: Hannah Odinga Luo OLD EMAIL: student493@gmail.com -> NEW EMAIL: hannahluo@gmail.com
588: Isaac Nyerere Dodoma OLD EMAIL: student494@gmail.com -> NEW EMAIL: isaacdodoma@gmail.com
589: Jane Mrema Arusha OLD EMAIL: student495@gmail.com -> NEW EMAIL: janearusha@gmail.com
590: Kevin Lokor Turkana OLD EMAIL: student496@gmail.com -> NEW EMAIL: kevinturkana@gmail.com
591: Lucy Odinga Luo OLD EMAIL: student497@gmail.com -> NEW EMAIL: lucy@gmail.com
592: Michael Nyerere Dodoma OLD EMAIL: student498@gmail.com -> NEW EMAIL: michaeldodoma@gmail.com
593: Nina Mrema Arusha OLD EMAIL: student499@gmail.com -> NEW EMAIL: ninaarusha@gmail.com
594: Oliver Lokwak Turkana OLD EMAIL: student500@gmail.com -> NEW EMAIL: oliverturkana@gmail.com
595: Patience Odinga Luo OLD EMAIL: student501@gmail.com -> NEW EMAIL: patience@gmail.com
596: Quentin Nyerere Dodoma OLD EMAIL: student502@gmail.com -> NEW EMAIL: quentindodoma@gmail.com
597: Ruth Mrema Arusha OLD EMAIL: student503@gmail.com -> NEW EMAIL: rutharusha@gmail.com
598: Brenda H Kemigisha OLD EMAIL: student504@gmail.com -> NEW EMAIL: brenda@gmail.com
599: Robert W Nimusiima OLD EMAIL: student505@gmail.com -> NEW EMAIL: robert@gmail.com
600: Alice K Byarugaba OLD EMAIL: student506@gmail.com -> NEW EMAIL: alicebyarugaba@gmail.com
601: Brian L Kabagambe OLD EMAIL: student507@gmail.com -> NEW EMAIL: briankabagambe@gmail.com
602: Cynthia M Kabagambe OLD EMAIL: student508@gmail.com -> NEW EMAIL: cynthia@gmail.com
603: David J Kato OLD EMAIL: student509@gmail.com -> NEW EMAIL: davidkato@gmail.com
604: Evelyn N Kakembo OLD EMAIL: student510@gmail.com -> NEW EMAIL: evelyn@gmail.com
605: Frank O Nyakato OLD EMAIL: student511@gmail.com -> NEW EMAIL: frank@gmail.com
606: Gloria P Kamutebi OLD EMAIL: student512@gmail.com -> NEW EMAIL: gloriakamutebi@gmail.com
607: Henry Q Karamagi OLD EMAIL: student513@gmail.com -> NEW EMAIL: henry@gmail.com
608: Irene R Kakooza OLD EMAIL: student514@gmail.com -> NEW EMAIL: irenekakooza@gmail.com
609: James S Nyanzi OLD EMAIL: student515@gmail.com -> NEW EMAIL: jamesnyanzi@gmail.com
610: Katherine T Nantale OLD EMAIL: student516@gmail.com -> NEW EMAIL: katherine@gmail.com
611: Leonard U Bakyayita OLD EMAIL: student517@gmail.com -> NEW EMAIL: leonard@gmail.com
612: Maria V Kisakye OLD EMAIL: student518@gmail.com -> NEW EMAIL: maria@gmail.com
613: Nathan W Kakembo OLD EMAIL: student519@gmail.com -> NEW EMAIL: nathankakembo@gmail.com
614: Olivia X Nabirye OLD EMAIL: student520@gmail.com -> NEW EMAIL: olivianabirye@gmail.com
615: Peter Y Kato OLD EMAIL: student521@gmail.com -> NEW EMAIL: peterkato@gmail.com
616: Quintina Z Byaruhanga OLD EMAIL: student522@gmail.com -> NEW EMAIL: quintina@gmail.com
617: Richard A Kakembo OLD EMAIL: student523@gmail.com -> NEW EMAIL: richardkakembo@gmail.com
619: Ashaba Emmy  Mugarura OLD EMAIL: student524@gmail.com -> NEW EMAIL: ashabamugarura@gmail.com
620: Akampa  K Medard  OLD EMAIL: student525@gmail.com -> NEW EMAIL: akampa@gmail.com
621: Nakalanzi  M Sandra  OLD EMAIL: student526@gmail.com -> NEW EMAIL: nakalanzi@gmail.com